series	season	category	title
classic-who	1	Main Show	An Unearthly Child
classic-who	1	Main Show	The Cave of Skulls
classic-who	1	Main Show	The Forest of Fear
classic-who	1	Main Show	The Firemaker
classic-who	1	Main Show	The Dead Planet
classic-who	1	Main Show	The Survivors
classic-who	1	Main Show	The Escape
classic-who	1	Main Show	The Ambush
classic-who	1	Main Show	The Expedition
classic-who	1	Main Show	The Ordeal
classic-who	1	Main Show	The Rescue
classic-who	1	Main Show	The Edge of Destruction
classic-who	1	Main Show	The Brink of Disaster
classic-who	1	Main Show	The Roof of the World
classic-who	1	Main Show	The Singing Sands
classic-who	1	Main Show	Five Hundred Eyes
classic-who	1	Main Show	The Wall of Lies
classic-who	1	Main Show	Rider from Shang-Tu
classic-who	1	Main Show	Mighty Kublai Khan
classic-who	1	Main Show	Assassin at Peking
classic-who	1	Main Show	The Sea of Death
classic-who	1	Main Show	The Velvet Web
classic-who	1	Main Show	The Screaming Jungle
classic-who	1	Main Show	The Snows of Terror
classic-who	1	Main Show	Sentence of Death
classic-who	1	Main Show	The Keys of Marinus
classic-who	1	Main Show	The Temple of Evil
classic-who	1	Main Show	The Warriors of Death
classic-who	1	Main Show	The Bride of Sacrifice
classic-who	1	Main Show	The Day of Darkness
classic-who	1	Main Show	Strangers in Space
classic-who	1	Main Show	The Unwilling Warriors
classic-who	1	Main Show	Hidden Danger
classic-who	1	Main Show	A Race Against Death
classic-who	1	Main Show	Kidnap
classic-who	1	Main Show	A Desperate Venture
classic-who	1	Main Show	A Land of Fear
classic-who	1	Main Show	Guests of Madame Guillotine
classic-who	1	Main Show	A Change of Identity
classic-who	1	Animated Restoration	The Tyrant of France
classic-who	1	Animated Restoration	A Bargain of Necessity
classic-who	1	Main Show	Prisoners of Conciergerie
classic-who	2	Main Show	Planet of Giants
classic-who	2	Main Show	Dangerous Journey
classic-who	2	Main Show	Crisis
classic-who	2	Main Show	World's End
classic-who	2	Main Show	The Daleks
classic-who	2	Main Show	Day of Reckoning
classic-who	2	Main Show	The End of Tomorrow
classic-who	2	Main Show	The Waking Ally
classic-who	2	Main Show	Flashpoint
classic-who	2	Main Show	The Powerful Enemy
classic-who	2	Main Show	Desperate Measures
classic-who	2	Main Show	The Slave Traders
classic-who	2	Main Show	All Roads Lead to Rome
classic-who	2	Main Show	Conspiracy
classic-who	2	Main Show	Inferno
classic-who	2	Main Show	The Web Planet
classic-who	2	Main Show	The Zarbi
classic-who	2	Main Show	Escape to Danger
classic-who	2	Main Show	Crater of Needles
classic-who	2	Main Show	Invasion
classic-who	2	Main Show	The Centre
classic-who	2	Main Show	The Lion
classic-who	2	Main Show	The Knight of Jaffa
classic-who	2	Main Show	The Wheel of Fortune
classic-who	2	Main Show	The Warlords
classic-who	2	Main Show	The Space Museum
classic-who	2	Main Show	The Dimensions of Time
classic-who	2	Main Show	The Search
classic-who	2	Main Show	The Final Phase
classic-who	2	Main Show	The Executioners
classic-who	2	Main Show	The Death of Time
classic-who	2	Main Show	Flight Through Eternity
classic-who	2	Main Show	Journey into Terror
classic-who	2	Main Show	The Death of Doctor Who
classic-who	2	Main Show	The Planet of Decision
classic-who	2	Main Show	The Watcher
classic-who	2	Main Show	The Meddling Monk
classic-who	2	Main Show	A Battle of Wits
classic-who	2	Main Show	Checkmate
classic-who	3	Animated Restoration	Four Hundred Dawns
classic-who	3	Animated Restoration	Trap of Steel
classic-who	3	Main Show	Air Lock
classic-who	3	Animated Restoration	The Exploding Planet
classic-who	3	Main Show	Mission to the Unknown
classic-who	3	Main Show	Temple of Secrets
classic-who	3	Main Show	Small Prophet, Quick Return
classic-who	3	Main Show	Death of a Spy
classic-who	3	Main Show	Horse of Destruction
classic-who	3	Main Show	The Nightmare Begins
classic-who	3	Main Show	Day of Armageddon
classic-who	3	Main Show	Devil's Planet
classic-who	3	Main Show	The Traitors
classic-who	3	Main Show	Counter Plot
classic-who	3	Main Show	Coronas of the Sun
classic-who	3	Main Show	The Feast of Steven
classic-who	3	Main Show	Volcano
classic-who	3	Main Show	Golden Death
classic-who	3	Main Show	Escape Switch
classic-who	3	Main Show	The Abandoned Planet
classic-who	3	Main Show	Destruction of Time
classic-who	3	Main Show	War of God
classic-who	3	Main Show	The Sea Beggar
classic-who	3	Main Show	Priest of Death
classic-who	3	Main Show	Bell of Doom
classic-who	3	Main Show	The Steel Sky
classic-who	3	Main Show	The Plague
classic-who	3	Main Show	The Return
classic-who	3	Main Show	The Bomb
classic-who	3	Animated Restoration	The Celestial Toyroom
classic-who	3	Animated Restoration	The Hall of Dolls
classic-who	3	Animated Restoration	The Dancing Floor
classic-who	3	Main Show	The Final Test
classic-who	3	Main Show	A Holiday for the Doctor
classic-who	3	Main Show	Don't Shoot the Pianist
classic-who	3	Main Show	Johnny Ringo
classic-who	3	Main Show	The O.K. Corral
classic-who	3	Animated Restoration	The Savages (1)
classic-who	3	Animated Restoration	The Savages (2)
classic-who	3	Animated Restoration	The Savages (3)
classic-who	3	Animated Restoration	The Savages (4)
classic-who	3	Main Show	The War Machines (1)
classic-who	3	Main Show	The War Machines (2)
classic-who	3	Main Show	The War Machines (3)
classic-who	3	Main Show	The War Machines (4)
classic-who	4	Main Show	The Smugglers (1)
classic-who	4	Main Show	The Smugglers (2)
classic-who	4	Main Show	The Smugglers (3)
classic-who	4	Main Show	The Smugglers (4)
classic-who	4	Main Show	The Tenth Planet (1)
classic-who	4	Main Show	The Tenth Planet (2)
classic-who	4	Main Show	The Tenth Planet (3)
classic-who	4	Animated Restoration	The Tenth Planet (4)
classic-who	4	Animated Restoration	The Power of the Daleks (1)
classic-who	4	Animated Restoration	The Power of the Daleks (2)
classic-who	4	Animated Restoration	The Power of the Daleks (3)
classic-who	4	Animated Restoration	The Power of the Daleks (4)
classic-who	4	Animated Restoration	The Power of the Daleks (5)
classic-who	4	Animated Restoration	The Power of the Daleks (6)
classic-who	4	Main Show	The Highlanders (1)
classic-who	4	Main Show	The Highlanders (2)
classic-who	4	Main Show	The Highlanders (3)
classic-who	4	Main Show	The Highlanders (4)
classic-who	4	Animated Restoration	The Underwater Menace (1)
classic-who	4	Main Show	The Underwater Menace (2)
classic-who	4	Main Show	The Underwater Menace (3)
classic-who	4	Animated Restoration	The Underwater Menace (4)
classic-who	4	Animated Restoration	The Moonbase (1)
classic-who	4	Main Show	The Moonbase (2)
classic-who	4	Animated Restoration	The Moonbase (3)
classic-who	4	Main Show	The Moonbase (4)
classic-who	4	Animated Restoration	The Macra Terror (1)
classic-who	4	Animated Restoration	The Macra Terror (2)
classic-who	4	Animated Restoration	The Macra Terror (3)
classic-who	4	Animated Restoration	The Macra Terror (4)
classic-who	4	Main Show	The Faceless Ones (1)
classic-who	4	Animated Restoration	The Faceless Ones (2)
classic-who	4	Main Show	The Faceless Ones (3)
classic-who	4	Animated Restoration	The Faceless Ones (4)
classic-who	4	Animated Restoration	The Faceless Ones (5)
classic-who	4	Animated Restoration	The Faceless Ones (6)
classic-who	4	Animated Restoration	The Evil of the Daleks (1)
classic-who	4	Main Show	The Evil of the Daleks (2)
classic-who	4	Animated Restoration	The Evil of the Daleks (3)
classic-who	4	Animated Restoration	The Evil of the Daleks (4)
classic-who	4	Animated Restoration	The Evil of the Daleks (5)
classic-who	4	Animated Restoration	The Evil of the Daleks (6)
classic-who	4	Animated Restoration	The Evil of the Daleks (7)
classic-who	5	Main Show	The Tomb of the Cybermen (1)
classic-who	5	Main Show	The Tomb of the Cybermen (2)
classic-who	5	Main Show	The Tomb of the Cybermen (3)
classic-who	5	Main Show	The Tomb of the Cybermen (4)
classic-who	5	Animated Restoration	The Abominable Snowmen (1)
classic-who	5	Main Show	The Abominable Snowmen (2)
classic-who	5	Animated Restoration	The Abominable Snowmen (3)
classic-who	5	Animated Restoration	The Abominable Snowmen (4)
classic-who	5	Animated Restoration	The Abominable Snowmen (5)
classic-who	5	Animated Restoration	The Abominable Snowmen (6)
classic-who	5	Main Show	The Ice Warriors (1)
classic-who	5	Animated Restoration	The Ice Warriors (2)
classic-who	5	Animated Restoration	The Ice Warriors (3)
classic-who	5	Main Show	The Ice Warriors (4)
classic-who	5	Main Show	The Ice Warriors (5)
classic-who	5	Main Show	The Ice Warriors (6)
classic-who	5	Main Show	The Enemy of the World (1)
classic-who	5	Main Show	The Enemy of the World (2)
classic-who	5	Main Show	The Enemy of the World (3)
classic-who	5	Main Show	The Enemy of the World (4)
classic-who	5	Main Show	The Enemy of the World (5)
classic-who	5	Main Show	The Enemy of the World (6)
classic-who	5	Main Show	The Web of Fear (1)
classic-who	5	Main Show	The Web of Fear (2)
classic-who	5	Animated Restoration	The Web of Fear (3)
classic-who	5	Main Show	The Web of Fear (4)
classic-who	5	Main Show	The Web of Fear (5)
classic-who	5	Main Show	The Web of Fear (6)
classic-who	5	Animated Restoration	Fury from the Deep (1)
classic-who	5	Animated Restoration	Fury from the Deep (2)
classic-who	5	Animated Restoration	Fury from the Deep (3)
classic-who	5	Animated Restoration	Fury from the Deep (4)
classic-who	5	Animated Restoration	Fury from the Deep (5)
classic-who	5	Animated Restoration	Fury from the Deep (6)
classic-who	5	Main Show	The Wheel in Space (1)
classic-who	5	Main Show	The Wheel in Space (2)
classic-who	5	Main Show	The Wheel in Space (3)
classic-who	5	Main Show	The Wheel in Space (4)
classic-who	5	Main Show	The Wheel in Space (5)
classic-who	5	Main Show	The Wheel in Space (6)
classic-who	6	Main Show	The Dominators (1)
classic-who	6	Main Show	The Dominators (2)
classic-who	6	Main Show	The Dominators (3)
classic-who	6	Main Show	The Dominators (4)
classic-who	6	Main Show	The Dominators (5)
classic-who	6	Main Show	The Mind Robber (1)
classic-who	6	Main Show	The Mind Robber (2)
classic-who	6	Main Show	The Mind Robber (3)
classic-who	6	Main Show	The Mind Robber (4)
classic-who	6	Main Show	The Mind Robber (5)
classic-who	6	Animated Restoration	The Invasion (1)
classic-who	6	Main Show	The Invasion (2)
classic-who	6	Main Show	The Invasion (3)
classic-who	6	Animated Restoration	The Invasion (4)
classic-who	6	Main Show	The Invasion (5)
classic-who	6	Main Show	The Invasion (6)
classic-who	6	Main Show	The Invasion (7)
classic-who	6	Main Show	The Invasion (8)
classic-who	6	Main Show	The Krotons (1)
classic-who	6	Main Show	The Krotons (2)
classic-who	6	Main Show	The Krotons (3)
classic-who	6	Main Show	The Krotons (4)
classic-who	6	Main Show	The Seeds of Death (1)
classic-who	6	Main Show	The Seeds of Death (2)
classic-who	6	Main Show	The Seeds of Death (3)
classic-who	6	Main Show	The Seeds of Death (4)
classic-who	6	Main Show	The Seeds of Death (5)
classic-who	6	Main Show	The Seeds of Death (6)
classic-who	6	Main Show	The Space Pirates (1)
classic-who	6	Main Show	The Space Pirates (2)
classic-who	6	Main Show	The Space Pirates (3)
classic-who	6	Main Show	The Space Pirates (4)
classic-who	6	Main Show	The Space Pirates (5)
classic-who	6	Main Show	The Space Pirates (6)
classic-who	6	Main Show	The War Games (1)
classic-who	6	Main Show	The War Games (2)
classic-who	6	Main Show	The War Games (3)
classic-who	6	Main Show	The War Games (4)
classic-who	6	Main Show	The War Games (5)
classic-who	6	Main Show	The War Games (6)
classic-who	6	Main Show	The War Games (7)
classic-who	6	Main Show	The War Games (8)
classic-who	6	Main Show	The War Games (9)
classic-who	6	Main Show	The War Games (10)
classic-who	7	Main Show	Spearhead from Space (1)
classic-who	7	Main Show	Spearhead from Space (2)
classic-who	7	Main Show	Spearhead from Space (3)
classic-who	7	Main Show	Spearhead from Space (4)
classic-who	7	Main Show	Doctor Who and the Silurians (1)
classic-who	7	Main Show	Doctor Who and the Silurians (2)
classic-who	7	Main Show	Doctor Who and the Silurians (3)
classic-who	7	Main Show	Doctor Who and the Silurians (4)
classic-who	7	Main Show	Doctor Who and the Silurians (5)
classic-who	7	Main Show	Doctor Who and the Silurians (6)
classic-who	7	Main Show	Doctor Who and the Silurians (7)
classic-who	7	Main Show	The Ambassadors of Death (1)
classic-who	7	Main Show	The Ambassadors of Death (2)
classic-who	7	Main Show	The Ambassadors of Death (3)
classic-who	7	Main Show	The Ambassadors of Death (4)
classic-who	7	Main Show	The Ambassadors of Death (5)
classic-who	7	Main Show	The Ambassadors of Death (6)
classic-who	7	Main Show	The Ambassadors of Death (7)
classic-who	7	Main Show	Inferno (1)
classic-who	7	Main Show	Inferno (2)
classic-who	7	Main Show	Inferno (3)
classic-who	7	Main Show	Inferno (4)
classic-who	7	Main Show	Inferno (5)
classic-who	7	Main Show	Inferno (6)
classic-who	7	Main Show	Inferno (7)
classic-who	8	Main Show	Terror of the Autons (1)
classic-who	8	Main Show	Terror of the Autons (2)
classic-who	8	Main Show	Terror of the Autons (3)
classic-who	8	Main Show	Terror of the Autons (4)
classic-who	8	Main Show	The Mind of Evil (1)
classic-who	8	Main Show	The Mind of Evil (2)
classic-who	8	Main Show	The Mind of Evil (3)
classic-who	8	Main Show	The Mind of Evil (4)
classic-who	8	Main Show	The Mind of Evil (5)
classic-who	8	Main Show	The Mind of Evil (6)
classic-who	8	Main Show	The Claws of Axos (1)
classic-who	8	Main Show	The Claws of Axos (2)
classic-who	8	Main Show	The Claws of Axos (3)
classic-who	8	Main Show	The Claws of Axos (4)
classic-who	8	Main Show	Colony in Space (1)
classic-who	8	Main Show	Colony in Space (2)
classic-who	8	Main Show	Colony in Space (3)
classic-who	8	Main Show	Colony in Space (4)
classic-who	8	Main Show	Colony in Space (5)
classic-who	8	Main Show	Colony in Space (6)
classic-who	8	Main Show	The Daemons (1)
classic-who	8	Main Show	The Daemons (2)
classic-who	8	Main Show	The Daemons (3)
classic-who	8	Main Show	The Daemons (4)
classic-who	8	Main Show	The Daemons (5)
classic-who	9	Main Show	Day of the Daleks (1)
classic-who	9	Main Show	Day of the Daleks (2)
classic-who	9	Main Show	Day of the Daleks (3)
classic-who	9	Main Show	Day of the Daleks (4)
classic-who	9	Main Show	The Curse of Peladon (1)
classic-who	9	Main Show	The Curse of Peladon (2)
classic-who	9	Main Show	The Curse of Peladon (3)
classic-who	9	Main Show	The Curse of Peladon (4)
classic-who	9	Main Show	The Sea Devils (1)
classic-who	9	Main Show	The Sea Devils (2)
classic-who	9	Main Show	The Sea Devils (3)
classic-who	9	Main Show	The Sea Devils (4)
classic-who	9	Main Show	The Sea Devils (5)
classic-who	9	Main Show	The Sea Devils (6)
classic-who	9	Main Show	The Mutants (1)
classic-who	9	Main Show	The Mutants (2)
classic-who	9	Main Show	The Mutants (3)
classic-who	9	Main Show	The Mutants (4)
classic-who	9	Main Show	The Mutants (5)
classic-who	9	Main Show	The Mutants (6)
classic-who	9	Main Show	The Time Monster (1)
classic-who	9	Main Show	The Time Monster (2)
classic-who	9	Main Show	The Time Monster (3)
classic-who	9	Main Show	The Time Monster (4)
classic-who	9	Main Show	The Time Monster (5)
classic-who	9	Main Show	The Time Monster (6)
classic-who	10	Main Show	The Three Doctors (1)
classic-who	10	Main Show	The Three Doctors (2)
classic-who	10	Main Show	The Three Doctors (3)
classic-who	10	Main Show	The Three Doctors (4)
classic-who	10	Main Show	Carnival of Monsters (1)
classic-who	10	Main Show	Carnival of Monsters (2)
classic-who	10	Main Show	Carnival of Monsters (3)
classic-who	10	Main Show	Carnival of Monsters (4)
classic-who	10	Main Show	Frontier in Space (1)
classic-who	10	Main Show	Frontier in Space (2)
classic-who	10	Main Show	Frontier in Space (3)
classic-who	10	Main Show	Frontier in Space (4)
classic-who	10	Main Show	Frontier in Space (5)
classic-who	10	Main Show	Frontier in Space (6)
classic-who	10	Main Show	Planet of the Daleks (1)
classic-who	10	Main Show	Planet of the Daleks (2)
classic-who	10	Main Show	Planet of the Daleks (3)
classic-who	10	Main Show	Planet of the Daleks (4)
classic-who	10	Main Show	Planet of the Daleks (5)
classic-who	10	Main Show	Planet of the Daleks (6)
classic-who	10	Main Show	The Green Death (1)
classic-who	10	Main Show	The Green Death (2)
classic-who	10	Main Show	The Green Death (3)
classic-who	10	Main Show	The Green Death (4)
classic-who	10	Main Show	The Green Death (5)
classic-who	10	Main Show	The Green Death (6)
classic-who	11	Main Show	The Time Warrior (1)
classic-who	11	Main Show	The Time Warrior (2)
classic-who	11	Main Show	The Time Warrior (3)
classic-who	11	Main Show	The Time Warrior (4)
classic-who	11	Main Show	Invasion of the Dinosaurs (1)
classic-who	11	Main Show	Invasion of the Dinosaurs (2)
classic-who	11	Main Show	Invasion of the Dinosaurs (3)
classic-who	11	Main Show	Invasion of the Dinosaurs (4)
classic-who	11	Main Show	Invasion of the Dinosaurs (5)
classic-who	11	Main Show	Invasion of the Dinosaurs (6)
classic-who	11	Main Show	Death to the Daleks (1)
classic-who	11	Main Show	Death to the Daleks (2)
classic-who	11	Main Show	Death to the Daleks (3)
classic-who	11	Main Show	Death to the Daleks (4)
classic-who	11	Main Show	The Monster of Peladon (1)
classic-who	11	Main Show	The Monster of Peladon (2)
classic-who	11	Main Show	The Monster of Peladon (3)
classic-who	11	Main Show	The Monster of Peladon (4)
classic-who	11	Main Show	The Monster of Peladon (5)
classic-who	11	Main Show	The Monster of Peladon (6)
classic-who	11	Main Show	Planet of the Spiders (1)
classic-who	11	Main Show	Planet of the Spiders (2)
classic-who	11	Main Show	Planet of the Spiders (3)
classic-who	11	Main Show	Planet of the Spiders (4)
classic-who	11	Main Show	Planet of the Spiders (5)
classic-who	11	Main Show	Planet of the Spiders (6)
classic-who	12	Main Show	Robot (1)
classic-who	12	Main Show	Robot (2)
classic-who	12	Main Show	Robot (3)
classic-who	12	Main Show	Robot (4)
classic-who	12	Main Show	The Ark in Space (1)
classic-who	12	Main Show	The Ark in Space (2)
classic-who	12	Main Show	The Ark in Space (3)
classic-who	12	Main Show	The Ark in Space (4)
classic-who	12	Main Show	The Sontaran Experiment (1)
classic-who	12	Main Show	The Sontaran Experiment (2)
classic-who	12	Main Show	Genesis of the Daleks (1)
classic-who	12	Main Show	Genesis of the Daleks (2)
classic-who	12	Main Show	Genesis of the Daleks (3)
classic-who	12	Main Show	Genesis of the Daleks (4)
classic-who	12	Main Show	Genesis of the Daleks (5)
classic-who	12	Main Show	Genesis of the Daleks (6)
classic-who	12	Main Show	Revenge of the Cybermen (1)
classic-who	12	Main Show	Revenge of the Cybermen (2)
classic-who	12	Main Show	Revenge of the Cybermen (3)
classic-who	12	Main Show	Revenge of the Cybermen (4)
classic-who	13	Main Show	Terror of the Zygons (1)
classic-who	13	Main Show	Terror of the Zygons (2)
classic-who	13	Main Show	Terror of the Zygons (3)
classic-who	13	Main Show	Terror of the Zygons (4)
classic-who	13	Main Show	Planet of Evil (1)
classic-who	13	Main Show	Planet of Evil (2)
classic-who	13	Main Show	Planet of Evil (3)
classic-who	13	Main Show	Planet of Evil (4)
classic-who	13	Main Show	Pyramids of Mars (1)
classic-who	13	Main Show	Pyramids of Mars (2)
classic-who	13	Main Show	Pyramids of Mars (3)
classic-who	13	Main Show	Pyramids of Mars (4)
classic-who	13	Main Show	The Android Invasion (1)
classic-who	13	Main Show	The Android Invasion (2)
classic-who	13	Main Show	The Android Invasion (3)
classic-who	13	Main Show	The Android Invasion (4)
classic-who	13	Main Show	The Brain of Morbius (1)
classic-who	13	Main Show	The Brain of Morbius (2)
classic-who	13	Main Show	The Brain of Morbius (3)
classic-who	13	Main Show	The Brain of Morbius (4)
classic-who	13	Main Show	The Seeds of Doom (1)
classic-who	13	Main Show	The Seeds of Doom (2)
classic-who	13	Main Show	The Seeds of Doom (3)
classic-who	13	Main Show	The Seeds of Doom (4)
classic-who	13	Main Show	The Seeds of Doom (5)
classic-who	13	Main Show	The Seeds of Doom (6)
classic-who	14	Main Show	The Masque of Mandragora (1)
classic-who	14	Main Show	The Masque of Mandragora (2)
classic-who	14	Main Show	The Masque of Mandragora (3)
classic-who	14	Main Show	The Masque of Mandragora (4)
classic-who	14	Main Show	The Hand of Fear (1)
classic-who	14	Main Show	The Hand of Fear (2)
classic-who	14	Main Show	The Hand of Fear (3)
classic-who	14	Main Show	The Hand of Fear (4)
classic-who	14	Main Show	The Deadly Assassin (1)
classic-who	14	Main Show	The Deadly Assassin (2)
classic-who	14	Main Show	The Deadly Assassin (3)
classic-who	14	Main Show	The Deadly Assassin (4)
classic-who	14	Main Show	The Face of Evil (1)
classic-who	14	Main Show	The Face of Evil (2)
classic-who	14	Main Show	The Face of Evil (3)
classic-who	14	Main Show	The Face of Evil (4)
classic-who	14	Main Show	The Robots of Death (1)
classic-who	14	Main Show	The Robots of Death (2)
classic-who	14	Main Show	The Robots of Death (3)
classic-who	14	Main Show	The Robots of Death (4)
classic-who	14	Main Show	The Talons of Weng-Chiang (1)
classic-who	14	Main Show	The Talons of Weng-Chiang (2)
classic-who	14	Main Show	The Talons of Weng-Chiang (3)
classic-who	14	Main Show	The Talons of Weng-Chiang (4)
classic-who	14	Main Show	The Talons of Weng-Chiang (5)
classic-who	14	Main Show	The Talons of Weng-Chiang (6)
classic-who	15	Main Show	Horror of Fang Rock (1)
classic-who	15	Main Show	Horror of Fang Rock (2)
classic-who	15	Main Show	Horror of Fang Rock (3)
classic-who	15	Main Show	Horror of Fang Rock (4)
classic-who	15	Main Show	The Invisible Enemy (1)
classic-who	15	Main Show	The Invisible Enemy (2)
classic-who	15	Main Show	The Invisible Enemy (3)
classic-who	15	Main Show	The Invisible Enemy (4)
classic-who	15	Main Show	Image of the Fendahl (1)
classic-who	15	Main Show	Image of the Fendahl (2)
classic-who	15	Main Show	Image of the Fendahl (3)
classic-who	15	Main Show	Image of the Fendahl (4)
classic-who	15	Main Show	The Sun Makers (1)
classic-who	15	Main Show	The Sun Makers (2)
classic-who	15	Main Show	The Sun Makers (3)
classic-who	15	Main Show	The Sun Makers (4)
classic-who	15	Main Show	Underworld (1)
classic-who	15	Main Show	Underworld (2)
classic-who	15	Main Show	Underworld (3)
classic-who	15	Main Show	Underworld (4)
classic-who	15	Main Show	The Invasion of Time (1)
classic-who	15	Main Show	The Invasion of Time (2)
classic-who	15	Main Show	The Invasion of Time (3)
classic-who	15	Main Show	The Invasion of Time (4)
classic-who	15	Main Show	The Invasion of Time (5)
classic-who	15	Main Show	The Invasion of Time (6)
classic-who	16	Main Show	The Ribos Operation (1)
classic-who	16	Main Show	The Ribos Operation (2)
classic-who	16	Main Show	The Ribos Operation (3)
classic-who	16	Main Show	The Ribos Operation (4)
classic-who	16	Main Show	The Pirate Planet (1)
classic-who	16	Main Show	The Pirate Planet (2)
classic-who	16	Main Show	The Pirate Planet (3)
classic-who	16	Main Show	The Pirate Planet (4)
classic-who	16	Main Show	The Stones of Blood (1)
classic-who	16	Main Show	The Stones of Blood (2)
classic-who	16	Main Show	The Stones of Blood (3)
classic-who	16	Main Show	The Stones of Blood (4)
classic-who	16	Main Show	The Androids of Tara (1)
classic-who	16	Main Show	The Androids of Tara (2)
classic-who	16	Main Show	The Androids of Tara (3)
classic-who	16	Main Show	The Androids of Tara (4)
classic-who	16	Main Show	The Power of Kroll (1)
classic-who	16	Main Show	The Power of Kroll (2)
classic-who	16	Main Show	The Power of Kroll (3)
classic-who	16	Main Show	The Power of Kroll (4)
classic-who	16	Main Show	The Armageddon Factor (1)
classic-who	16	Main Show	The Armageddon Factor (2)
classic-who	16	Main Show	The Armageddon Factor (3)
classic-who	16	Main Show	The Armageddon Factor (4)
classic-who	16	Main Show	The Armageddon Factor (5)
classic-who	16	Main Show	The Armageddon Factor (6)
classic-who	17	Main Show	Destiny of the Daleks (1)
classic-who	17	Main Show	Destiny of the Daleks (2)
classic-who	17	Main Show	Destiny of the Daleks (3)
classic-who	17	Main Show	Destiny of the Daleks (4)
classic-who	17	Main Show	City of Death (1)
classic-who	17	Main Show	City of Death (2)
classic-who	17	Main Show	City of Death (3)
classic-who	17	Main Show	City of Death (4)
classic-who	17	Main Show	The Creature from the Pit (1)
classic-who	17	Main Show	The Creature from the Pit (2)
classic-who	17	Main Show	The Creature from the Pit (3)
classic-who	17	Main Show	The Creature from the Pit (4)
classic-who	17	Main Show	Nightmare of Eden (1)
classic-who	17	Main Show	Nightmare of Eden (2)
classic-who	17	Main Show	Nightmare of Eden (3)
classic-who	17	Main Show	Nightmare of Eden (4)
classic-who	17	Main Show	The Horns of Nimon (1)
classic-who	17	Main Show	The Horns of Nimon (2)
classic-who	17	Main Show	The Horns of Nimon (3)
classic-who	17	Main Show	The Horns of Nimon (4)
classic-who	17	Main Show	Shada (1)
classic-who	17	Main Show	Shada (2)
classic-who	17	Main Show	Shada (3)
classic-who	17	Main Show	Shada (4)
classic-who	17	Main Show	Shada (5)
classic-who	17	Main Show	Shada (6)
classic-who	18	Main Show	The Leisure Hive (1)
classic-who	18	Main Show	The Leisure Hive (2)
classic-who	18	Main Show	The Leisure Hive (3)
classic-who	18	Main Show	The Leisure Hive (4)
classic-who	18	Main Show	Meglos (1)
classic-who	18	Main Show	Meglos (2)
classic-who	18	Main Show	Meglos (3)
classic-who	18	Main Show	Meglos (4)
classic-who	18	Main Show	Full Circle (1)
classic-who	18	Main Show	Full Circle (2)
classic-who	18	Main Show	Full Circle (3)
classic-who	18	Main Show	Full Circle (4)
classic-who	18	Main Show	State of Decay (1)
classic-who	18	Main Show	State of Decay (2)
classic-who	18	Main Show	State of Decay (3)
classic-who	18	Main Show	State of Decay (4)
classic-who	18	Main Show	Warriors' Gate (1)
classic-who	18	Main Show	Warriors' Gate (2)
classic-who	18	Main Show	Warriors' Gate (3)
classic-who	18	Main Show	Warriors' Gate (4)
classic-who	18	Main Show	The Keeper of Traken (1)
classic-who	18	Main Show	The Keeper of Traken (2)
classic-who	18	Main Show	The Keeper of Traken (3)
classic-who	18	Main Show	The Keeper of Traken (4)
classic-who	18	Main Show	Logopolis (1)
classic-who	18	Main Show	Logopolis (2)
classic-who	18	Main Show	Logopolis (3)
classic-who	18	Main Show	Logopolis (4)
classic-who	18	Special	K9 & Company: A Girl's Best Friend
classic-who	19	Main Show	Castrovalva (1)
classic-who	19	Main Show	Castrovalva (2)
classic-who	19	Main Show	Castrovalva (3)
classic-who	19	Main Show	Castrovalva (4)
classic-who	19	Main Show	Four to Doomsday (1)
classic-who	19	Main Show	Four to Doomsday (2)
classic-who	19	Main Show	Four to Doomsday (3)
classic-who	19	Main Show	Four to Doomsday (4)
classic-who	19	Main Show	Kinda (1)
classic-who	19	Main Show	Kinda (2)
classic-who	19	Main Show	Kinda (3)
classic-who	19	Main Show	Kinda (4)
classic-who	19	Main Show	The Visitation (1)
classic-who	19	Main Show	The Visitation (2)
classic-who	19	Main Show	The Visitation (3)
classic-who	19	Main Show	The Visitation (4)
classic-who	19	Main Show	Black Orchid (1)
classic-who	19	Main Show	Black Orchid (2)
classic-who	19	Main Show	Earthshock (1)
classic-who	19	Main Show	Earthshock (2)
classic-who	19	Main Show	Earthshock (3)
classic-who	19	Main Show	Earthshock (4)
classic-who	19	Main Show	Time-Flight (1)
classic-who	19	Main Show	Time-Flight (2)
classic-who	19	Main Show	Time-Flight (3)
classic-who	19	Main Show	Time-Flight (4)
classic-who	20	Main Show	Arc of Infinity (1)
classic-who	20	Main Show	Arc of Infinity (2)
classic-who	20	Main Show	Arc of Infinity (3)
classic-who	20	Main Show	Arc of Infinity (4)
classic-who	20	Main Show	Snakedance (1)
classic-who	20	Main Show	Snakedance (2)
classic-who	20	Main Show	Snakedance (3)
classic-who	20	Main Show	Snakedance (4)
classic-who	20	Main Show	Mawdryn Undead (1)
classic-who	20	Main Show	Mawdryn Undead (2)
classic-who	20	Main Show	Mawdryn Undead (3)
classic-who	20	Main Show	Mawdryn Undead (4)
classic-who	20	Main Show	Terminus (1)
classic-who	20	Main Show	Terminus (2)
classic-who	20	Main Show	Terminus (3)
classic-who	20	Main Show	Terminus (4)
classic-who	20	Main Show	Enlightenment (1)
classic-who	20	Main Show	Enlightenment (2)
classic-who	20	Main Show	Enlightenment (3)
classic-who	20	Main Show	Enlightenment (4)
classic-who	20	Main Show	The King's Demons (1)
classic-who	20	Main Show	The King's Demons (2)
classic-who	20	Special	The Five Doctors
classic-who	21	Main Show	Warriors of the Deep (1)
classic-who	21	Main Show	Warriors of the Deep (2)
classic-who	21	Main Show	Warriors of the Deep (3)
classic-who	21	Main Show	Warriors of the Deep (4)
classic-who	21	Main Show	The Awakening (1)
classic-who	21	Main Show	The Awakening (2)
classic-who	21	Main Show	Frontios (1)
classic-who	21	Main Show	Frontios (2)
classic-who	21	Main Show	Frontios (3)
classic-who	21	Main Show	Frontios (4)
classic-who	21	Main Show	Resurrection of the Daleks (1)
classic-who	21	Main Show	Resurrection of the Daleks (2)
classic-who	21	Main Show	Resurrection of the Daleks (3)
classic-who	21	Main Show	Resurrection of the Daleks (4)
classic-who	21	Main Show	Planet of Fire (1)
classic-who	21	Main Show	Planet of Fire (2)
classic-who	21	Main Show	Planet of Fire (3)
classic-who	21	Main Show	Planet of Fire (4)
classic-who	21	Main Show	The Caves of Androzani (1)
classic-who	21	Main Show	The Caves of Androzani (2)
classic-who	21	Main Show	The Caves of Androzani (3)
classic-who	21	Main Show	The Caves of Androzani (4)
classic-who	21	Main Show	The Twin Dilemma (1)
classic-who	21	Main Show	The Twin Dilemma (2)
classic-who	21	Main Show	The Twin Dilemma (3)
classic-who	21	Main Show	The Twin Dilemma (4)
classic-who	22	Main Show	Attack of the Cybermen (1)
classic-who	22	Main Show	Attack of the Cybermen (2)
classic-who	22	Main Show	Vengeance on Varos (1)
classic-who	22	Main Show	Vengeance on Varos (2)
classic-who	22	Main Show	The Mark of the Rani (1)
classic-who	22	Main Show	The Mark of the Rani (2)
classic-who	22	Main Show	The Two Doctors (1)
classic-who	22	Main Show	The Two Doctors (2)
classic-who	22	Main Show	The Two Doctors (3)
classic-who	22	Special	A Fix with Sontarans
classic-who	22	Main Show	Timelash (1)
classic-who	22	Main Show	Timelash (2)
classic-who	22	Main Show	Revelation of the Daleks (1)
classic-who	22	Main Show	Revelation of the Daleks (2)
classic-who	23	Main Show	The Mysterious Planet (1)
classic-who	23	Main Show	The Mysterious Planet (2)
classic-who	23	Main Show	The Mysterious Planet (3)
classic-who	23	Main Show	The Mysterious Planet (4)
classic-who	23	Main Show	Mindwarp (1)
classic-who	23	Main Show	Mindwarp (2)
classic-who	23	Main Show	Mindwarp (3)
classic-who	23	Main Show	Mindwarp (4)
classic-who	23	Main Show	Terror of the Vervoids (1)
classic-who	23	Main Show	Terror of the Vervoids (2)
classic-who	23	Main Show	Terror of the Vervoids (3)
classic-who	23	Main Show	Terror of the Vervoids (4)
classic-who	23	Main Show	The Ultimate Foe (1)
classic-who	23	Main Show	The Ultimate Foe (2)
classic-who	24	Main Show	Time and the Rani (1)
classic-who	24	Main Show	Time and the Rani (2)
classic-who	24	Main Show	Time and the Rani (3)
classic-who	24	Main Show	Time and the Rani (4)
classic-who	24	Main Show	Paradise Towers (1)
classic-who	24	Main Show	Paradise Towers (2)
classic-who	24	Main Show	Paradise Towers (3)
classic-who	24	Main Show	Paradise Towers (4)
classic-who	24	Main Show	Delta and the Bannermen (1)
classic-who	24	Main Show	Delta and the Bannermen (2)
classic-who	24	Main Show	Delta and the Bannermen (3)
classic-who	24	Main Show	Dragonfire (1)
classic-who	24	Main Show	Dragonfire (2)
classic-who	24	Main Show	Dragonfire (3)
classic-who	25	Main Show	Remembrance of the Daleks (1)
classic-who	25	Main Show	Remembrance of the Daleks (2)
classic-who	25	Main Show	Remembrance of the Daleks (3)
classic-who	25	Main Show	Remembrance of the Daleks (4)
classic-who	25	Main Show	The Happiness Patrol (1)
classic-who	25	Main Show	The Happiness Patrol (2)
classic-who	25	Main Show	The Happiness Patrol (3)
classic-who	25	Main Show	Silver Nemesis (1)
classic-who	25	Main Show	Silver Nemesis (2)
classic-who	25	Main Show	Silver Nemesis (3)
classic-who	25	Main Show	The Greatest Show in the Galaxy (1)
classic-who	25	Main Show	The Greatest Show in the Galaxy (2)
classic-who	25	Main Show	The Greatest Show in the Galaxy (3)
classic-who	25	Main Show	The Greatest Show in the Galaxy (4)
classic-who	26	Main Show	Battlefield (1)
classic-who	26	Main Show	Battlefield (2)
classic-who	26	Main Show	Battlefield (3)
classic-who	26	Main Show	Battlefield (4)
classic-who	26	Main Show	Ghost Light (1)
classic-who	26	Main Show	Ghost Light (2)
classic-who	26	Main Show	Ghost Light (3)
classic-who	26	Main Show	The Curse of Fenric (1)
classic-who	26	Main Show	The Curse of Fenric (2)
classic-who	26	Main Show	The Curse of Fenric (3)
classic-who	26	Main Show	The Curse of Fenric (4)
classic-who	26	Main Show	Survival (1)
classic-who	26	Main Show	Survival (2)
classic-who	26	Main Show	Survival (3)
wilderness-years	1	Special	Dimensions in Time (1)
wilderness-years	1	Special	Dimensions in Time (2)
the-movie	1	Movie	Doctor Who: The Movie
wilderness-years	1	Special	Doctor Who and the Curse of Fatal Death (1)
wilderness-years	1	Special	Doctor Who and the Curse of Fatal Death (2)
wilderness-years	1	Special	Doctor Who and the Curse of Fatal Death (3)
wilderness-years	1	Special	Doctor Who and the Curse of Fatal Death (4)
wilderness-years	1	Animated Series	Death Comes to Time
wilderness-years	1	Animated Series	Real Time
wilderness-years	1	Animated Series	Scream of the Shalka
new-who	1	Main Show	Rose
new-who	1	Main Show	The End of the World
new-who	1	Main Show	The Unquiet Dead
new-who	1	Main Show	Aliens of London
new-who	1	Main Show	World War Three
new-who	1	Main Show	Dalek
new-who	1	Main Show	The Long Game
new-who	1	Main Show	Father's Day
new-who	1	Main Show	The Empty Child
new-who	1	Main Show	The Doctor Dances
new-who	1	Main Show	Boom Town
new-who	1	Main Show	Bad Wolf
new-who	1	Main Show	The Parting of the Ways
new-who	1	Minisode	Born Again
new-who	1	Special	The Christmas Invasion
new-who	-	Minisode	Attack of the Graske
new-who	-	Prequel	Tardisode 1
new-who	2	Main Show	New Earth
new-who	-	Prequel	Tardisode 2
new-who	2	Main Show	Tooth and Claw
new-who	-	Prequel	Tardisode 3
new-who	2	Main Show	School Reunion
new-who	-	Prequel	Tardisode 4
new-who	2	Main Show	The Girl in the Fireplace
new-who	-	Prequel	Tardisode 5
new-who	2	Main Show	Rise of the Cybermen
new-who	-	Prequel	Tardisode 6
new-who	2	Main Show	The Age of Steel
new-who	-	Prequel	Tardisode 7
new-who	2	Main Show	The Idiot's Lantern
new-who	-	Prequel	Tardisode 8
new-who	2	Main Show	The Impossible Planet
new-who	-	Prequel	Tardisode 9
new-who	2	Main Show	The Satan Pit
new-who	-	Prequel	Tardisode 10
new-who	2	Main Show	Love & Monsters
new-who	-	Prequel	Tardisode 11
new-who	2	Main Show	Fear Her
new-who	-	Prequel	Tardisode 12
new-who	2	Main Show	Army of Ghosts
new-who	-	Prequel	Tardisode 13
new-who	2	Main Show	Doomsday
torchwood	1	Main Show	Everything Changes
torchwood	1	Main Show	Day One
torchwood	1	Main Show	Ghost Machine
torchwood	1	Main Show	Cyberwoman
torchwood	1	Main Show	Small Worlds
torchwood	1	Main Show	Countrycide
torchwood	1	Main Show	Greeks Bearing Gifts
torchwood	1	Main Show	They Keep Killing Suzie
torchwood	1	Main Show	Random Shoes
torchwood	1	Main Show	Out of Time
torchwood	1	Main Show	Combat
new-who	2	Special	The Runaway Bride
torchwood	1	Main Show	Captain Jack Harkness
torchwood	1	Main Show	End of Days
sarah-jane	1	Special	Invasion of the Bane
new-who	3	Main Show	Smith and Jones
new-who	3	Main Show	The Shakespeare Code
new-who	3	Main Show	Gridlock
new-who	3	Main Show	Daleks in Manhattan
new-who	3	Main Show	Evolution of the Daleks
new-who	3	Animated Series	The Infinite Quest
new-who	3	Main Show	The Lazarus Experiment
new-who	3	Main Show	42
new-who	3	Main Show	Human Nature
new-who	3	Main Show	The Family of Blood
new-who	3	Main Show	Blink
new-who	3	Main Show	Utopia
new-who	3	Main Show	The Sound of Drums
new-who	3	Main Show	Last of the Time Lords
sarah-jane	1	Main Show	Revenge of the Slitheen (1)
sarah-jane	1	Main Show	Revenge of the Slitheen (2)
sarah-jane	1	Main Show	Eye of the Gorgon (1)
sarah-jane	1	Main Show	Eye of the Gorgon (2)
sarah-jane	1	Main Show	Warriors of Kudlak (1)
sarah-jane	1	Main Show	Warriors of Kudlak (2)
sarah-jane	1	Main Show	Whatever Happened to Sarah Jane? (1)
sarah-jane	1	Main Show	Whatever Happened to Sarah Jane? (2)
sarah-jane	1	Main Show	The Lost Boy (1)
new-who	3	Minisode	Time Crash
sarah-jane	1	Main Show	The Lost Boy (2)
new-who	3	Special	Voyage of the Damned
torchwood	2	Main Show	Kiss Kiss, Bang Bang
torchwood	2	Main Show	Sleeper
torchwood	2	Main Show	To the Last Man
torchwood	2	Main Show	Meat
torchwood	2	Main Show	Adam
torchwood	2	Main Show	Reset
torchwood	2	Main Show	Dead Man Walking
torchwood	2	Main Show	A Day in the Death
torchwood	2	Main Show	Something Borrowed
torchwood	2	Main Show	From Out of the Rain
torchwood	2	Main Show	Adrift
torchwood	2	Main Show	Fragments
torchwood	2	Main Show	Exit Wounds
new-who	4	Main Show	Partners in Crime
new-who	4	Main Show	The Fires of Pompeii
new-who	4	Main Show	Planet of the Ood
new-who	4	Main Show	The Sontaran Stratagem
new-who	4	Main Show	The Poison Sky
new-who	4	Main Show	The Doctor's Daughter
new-who	4	Main Show	The Unicorn and the Wasp
new-who	4	Main Show	Silence in the Library
new-who	4	Main Show	Forest of the Dead
new-who	4	Main Show	Midnight
new-who	4	Main Show	Turn Left
new-who	4	Main Show	The Stolen Earth
new-who	4	Main Show	Journey's End
new-who	4	Minisode	Music of the Spheres
sarah-jane	2	Main Show	The Last Sontaran (1)
sarah-jane	2	Main Show	The Last Sontaran (2)
sarah-jane	2	Main Show	The Day of the Clown (1)
sarah-jane	2	Main Show	The Day of the Clown (2)
sarah-jane	2	Main Show	Secrets of the Stars (1)
sarah-jane	2	Main Show	Secrets of the Stars (2)
sarah-jane	2	Main Show	The Mark of the Berserker (1)
sarah-jane	2	Main Show	The Mark of the Berserker (2)
sarah-jane	2	Main Show	The Temptation of Sarah Jane Smith (1)
sarah-jane	2	Main Show	The Temptation of Sarah Jane Smith (2)
sarah-jane	2	Main Show	Enemy of the Bane (1)
sarah-jane	2	Main Show	Enemy of the Bane (2)
new-who	4	Special	The Next Doctor
sarah-jane	2	Minisode	From Raxacoricofallapatorius with Love
new-who	4	Special	Planet of the Dead
new-who	4	Minisode	Tonight's the Night
torchwood	3	Main Show	Children of Earth: Day One
torchwood	3	Main Show	Children of Earth: Day Two
torchwood	3	Main Show	Children of Earth: Day Three
torchwood	3	Main Show	Children of Earth: Day Four
torchwood	3	Main Show	Children of Earth: Day Five
sarah-jane	3	Main Show	Prisoner of the Judoon (1)
sarah-jane	3	Main Show	Prisoner of the Judoon (2)
sarah-jane	3	Main Show	The Mad Woman in the Attic (1)
sarah-jane	3	Main Show	The Mad Woman in the Attic (2)
sarah-jane	3	Main Show	The Wedding of Sarah Jane Smith (1)
sarah-jane	3	Main Show	The Wedding of Sarah Jane Smith (2)
sarah-jane	3	Main Show	The Eternity Trap (1)
sarah-jane	3	Main Show	The Eternity Trap (2)
sarah-jane	3	Main Show	Mona Lisa's Revenge (1)
sarah-jane	3	Main Show	Mona Lisa's Revenge (2)
new-who	4	Special	The Waters of Mars
sarah-jane	3	Main Show	The Gift (1)
sarah-jane	3	Main Show	The Gift (2)
new-who	4	Animated Series	Dreamland
new-who	4	Minisode	A Ghost Story for Christmas
new-who	4	Special	The End of Time Part One
new-who	4	Special	The End of Time Part Two
new-who	5	Main Show	The Eleventh Hour
new-who	5	Minisode	Meanwhile in the TARDIS 1
new-who	5	Main Show	The Beast Below
new-who	5	Main Show	Victory of the Daleks
new-who	5	Main Show	The Time of Angels
new-who	5	Main Show	Flesh and Stone
new-who	5	Minisode	Meanwhile in the TARDIS 2
new-who	5	Main Show	The Vampires of Venice
new-who	5	Main Show	Amy's Choice
new-who	5	Main Show	The Hungry Earth
new-who	5	Main Show	Cold Blood
new-who	5	Minisode	Good as Gold
new-who	5	Main Show	Vincent and the Doctor
new-who	5	Main Show	The Lodger
new-who	5	Main Show	The Pandorica Opens
new-who	5	Main Show	The Big Bang
new-who	5	Minisode	The Boy Who Saved the Proms
new-who	5	Minisode	Death Is the Only Answer
sarah-jane	4	Main Show	The Nightmare Man (1)
sarah-jane	4	Main Show	The Nightmare Man (2)
sarah-jane	4	Main Show	The Vault of Secrets (1)
sarah-jane	4	Main Show	The Vault of Secrets (2)
sarah-jane	4	Main Show	Death of the Doctor (1)
sarah-jane	4	Main Show	Death of the Doctor (2)
sarah-jane	4	Main Show	The Empty Planet (1)
sarah-jane	4	Main Show	The Empty Planet (2)
sarah-jane	4	Main Show	Lost in Time (1)
sarah-jane	4	Main Show	Lost in Time (2)
sarah-jane	4	Main Show	Goodbye, Sarah Jane Smith (1)
sarah-jane	4	Main Show	Goodbye, Sarah Jane Smith (2)
new-who	5	Special	A Christmas Carol
new-who	6	Minisode	Space
new-who	6	Minisode	Time
new-who	6	Prequel	The Impossible Astronaut
new-who	6	Main Show	The Impossible Astronaut
new-who	6	Main Show	Day of the Moon
new-who	6	Prequel	The Curse of the Black Spot
new-who	6	Main Show	The Curse of the Black Spot
new-who	6	Minisode	Bad Night
new-who	6	Main Show	The Doctor's Wife
new-who	6	Minisode	Good Night
new-who	6	Main Show	The Rebel Flesh
new-who	6	Main Show	The Almost People
new-who	6	Prequel	A Good Man Goes to War
new-who	6	Main Show	A Good Man Goes to War
torchwood	4	Main Show	The New World
torchwood	4	Main Show	Rendition
torchwood	4	Main Show	Dead of Night
torchwood	4	Main Show	Escape to L.A.
torchwood	4	Main Show	The Categories of Life
torchwood	4	Main Show	The Middle Men
new-who	6	Prequel	Let's Kill Hitler
torchwood	4	Main Show	Immortal Sins
torchwood	4	Main Show	End of the Road
new-who	6	Main Show	Let's Kill Hitler
torchwood	4	Main Show	The Gathering
new-who	6	Main Show	Night Terrors
new-who	6	Minisode	First Night
new-who	6	Minisode	Last Night
torchwood	4	Main Show	The Blood Line
torchwood	4	Animated Series	Web of Lies
new-who	6	Main Show	The Girl Who Waited
new-who	6	Main Show	The God Complex
new-who	6	Minisode	Up All Night
new-who	6	Main Show	Closing Time
new-who	6	Prequel	The Wedding of River Song
new-who	6	Main Show	The Wedding of River Song
sarah-jane	5	Main Show	Sky (1)
sarah-jane	5	Main Show	Sky (2)
sarah-jane	5	Main Show	The Curse of Clyde Langer (1)
sarah-jane	5	Main Show	The Curse of Clyde Langer (2)
sarah-jane	5	Main Show	The Man Who Never Was (1)
sarah-jane	5	Main Show	The Man Who Never Was (2)
new-who	6	Prequel	The Doctor, the Widow and the Wardrobe
new-who	6	Special	The Doctor, the Widow and the Wardrobe
new-who	7	Prequel	Pond Life
new-who	7	Prequel	Asylum of the Daleks
new-who	7	Main Show	Asylum of the Daleks
new-who	7	Minisode	The Inforarium
new-who	7	Main Show	Dinosaurs on a Spaceship
new-who	7	Prequel	The Making of the Gunslinger
new-who	7	Main Show	A Town Called Mercy
new-who	7	Main Show	The Power of Three
new-who	7	Main Show	The Angels Take Manhattan
new-who	7	Minisode	P.S.
new-who	7	Prequel	The Battle of Demon's Run: Two Days Later
new-who	7	Prequel	The Great Detective
new-who	7	Prequel	Vastra Investigates
new-who	7	Special	The Snowmen
new-who	7	Prequel	The Bells of Saint John
new-who	7	Main Show	The Bells of Saint John
new-who	7	Main Show	The Rings of Akhaten
new-who	7	Minisode	Rain Gods
new-who	7	Main Show	Cold War
new-who	7	Main Show	Hide
new-who	7	Main Show	Journey to the Centre of the TARDIS
new-who	7	Minisode	Clara and the TARDIS
new-who	7	Main Show	The Crimson Horror
new-who	7	Main Show	Nightmare in Silver
new-who	7	Prequel	Clarence and the Whispermen
new-who	7	Prequel	She Said, He Said
new-who	7	Main Show	The Name of the Doctor
new-who	7	Minisode	A Hyperscape Body Swap Ticket
new-who	7	Minisode	The Night of the Doctor
new-who	7	Minisode	The Last Day
new-who	7	Special	The Day of the Doctor
new-who	7	Special	The Time of the Doctor
new-who	8	Prequel	Deep Breath
new-who	8	Main Show	Deep Breath
new-who	8	Main Show	Into the Dalek
new-who	8	Main Show	Robot of Sherwood
new-who	8	Main Show	Listen
new-who	8	Main Show	Time Heist
new-who	8	Main Show	The Caretaker
new-who	8	Main Show	Kill the Moon
new-who	8	Main Show	Mummy on the Orient Express
new-who	8	Main Show	Flatline
new-who	8	Main Show	In the Forest of the Night
new-who	8	Main Show	Dark Water
new-who	8	Main Show	Death in Heaven
new-who	8	Special	Last Christmas
new-who	9	Prequel	Prologue
new-who	9	Prequel	The Doctor's Meditation
new-who	9	Main Show	The Magician's Apprentice
new-who	9	Main Show	The Witch's Familiar
new-who	9	Main Show	Under the Lake
new-who	9	Main Show	Before the Flood
new-who	9	Main Show	The Girl Who Died
new-who	9	Main Show	The Woman Who Lived
new-who	9	Main Show	The Zygon Invasion
new-who	9	Main Show	The Zygon Inversion
new-who	9	Main Show	Sleep No More
new-who	9	Main Show	Face the Raven
new-who	9	Main Show	Heaven Sent
new-who	9	Main Show	Hell Bent
new-who	9	Special	The Husbands of River Song
class	1	Main Show	For Tonight We Might Die
class	1	Main Show	The Coach with the Dragon Tattoo
class	1	Main Show	Nightvisiting
class	1	Main Show	Co-owner of a Lonely Heart
class	1	Main Show	Brave-ish Heart
class	1	Main Show	Detained
class	1	Main Show	The Metaphysical Engine, or What Quill Did
class	1	Main Show	The Lost
new-who	9	Special	The Return of Doctor Mysterio
new-who	10	Prequel	Friend from the Future
new-who	10	Main Show	The Pilot
new-who	10	Main Show	Smile
new-who	10	Main Show	Thin Ice
new-who	10	Main Show	Knock Knock
new-who	10	Main Show	Oxygen
new-who	10	Main Show	Extremis
new-who	10	Main Show	The Pyramid at the End of the World
new-who	10	Main Show	The Lie of the Land
new-who	10	Main Show	Empress of Mars
new-who	10	Main Show	The Eaters of Light
new-who	10	Main Show	World Enough and Time
new-who	10	Main Show	The Doctor Falls
new-who	10	Special	Twice Upon a Time
new-who	11	Main Show	The Woman Who Fell to Earth
new-who	11	Main Show	The Ghost Monument
new-who	11	Main Show	Rosa
new-who	11	Main Show	Arachnids in the UK
new-who	11	Main Show	The Tsuranga Conundrum
new-who	11	Main Show	Demons of the Punjab
new-who	11	Main Show	Kerblam!
new-who	11	Main Show	The Witchfinders
new-who	11	Main Show	It Takes You Away
new-who	11	Main Show	The Battle of Ranskoor Av Kolos
new-who	11	Special	Resolution
classic-who	10	Minisode	Hello Boys!
classic-who	26	Minisode	The Promise
new-who	12	Main Show	Spyfall: Part 1
new-who	12	Main Show	Spyfall: Part 2
new-who	12	Main Show	Orphan 55
new-who	12	Animated Series	The Runaway
new-who	12	Main Show	Nikola Tesla's Night of Terror
new-who	12	Main Show	Fugitive of the Judoon
new-who	12	Main Show	Praxeus
new-who	12	Main Show	Can You Hear Me?
new-who	12	Main Show	The Haunting of Villa Diodati
new-who	12	Main Show	Ascension of the Cybermen
new-who	12	Main Show	The Timeless Children
new-who	5	Minisode	The Raggedy Doctor by Amelia Pond
new-who	7	Minisode	Rory's Story
sarah-jane	5	Special	Farewell, Sarah Jane
new-who	12	Minisode	Shadow of a Doubt
new-who	12	Minisode	The Shadow in the Mirror
new-who	2	Minisode	Pompadour
new-who	9	Minisode	The Zygon Isolation
new-who	4	Minisode	The Descendants of Pompeii
new-who	8	Minisode	Fear Is a Superpower
new-who	3	Minisode	The Secret of Novice Hame
new-who	10	Minisode	The Best of Days
new-who	12	Animated Series	Daleks!
classic-who	8	Minisode	Return of the Autons
new-who	12	Special	Revolution of the Daleks
classic-who	24	Minisode	24 Carat
new-who	2	Minisode	The Genuine Article
classic-who	17	Minisode	Risen
new-who	13	Main Show	The Halloween Apocalypse
new-who	13	Main Show	War of the Sontarans
new-who	13	Main Show	Once, Upon Time
new-who	13	Main Show	Village of the Angels
new-who	13	Main Show	Survivors of the Flux
new-who	13	Main Show	The Vanquishers
new-who	13	Special	Eve of the Daleks
classic-who	22	Minisode	The Eternal Mystery
new-who	13	Special	Legend of the Sea Devils
classic-who	2	Minisode	The Storyteller
new-who	13	Special	The Power of the Doctor
classic-who	9	Minisode	Defenders of Earth
classic-who	20	Minisode	The Passenger
new-who	14	Minisode	Destination: Skaro
new-who	14	Special	The Star Beast
new-who	14	Special	Wild Blue Yonder
new-who	14	Special	The Giggle
new-who	15	Special	The Church on Ruby Road
classic-who	15	Minisode	The Final Battle
new-who	15	Main Show	Space Babies
new-who	15	Main Show	The Devil's Chord
new-who	15	Main Show	Boom
new-who	15	Main Show	73 Yards
new-who	15	Main Show	Dot and Bubble
new-who	15	Main Show	Rogue
new-who	15	Main Show	The Legend of Ruby Sunday
new-who	15	Main Show	Empire of Death
new-who	15	Minisode	Bad Music
new-who	15	Special	Joy to the World
new-who	16	Main Show	The Robot Revolution
new-who	16	Main Show	Lux
new-who	16	Main Show	The Well
new-who	16	Main Show	Lucky Day
new-who	16	Main Show	The Story & the Engine
new-who	16	Main Show	The Interstellar Song Contest
new-who	16	Main Show	Wish World
new-who	16	Main Show	The Reality War
classic-who	21	Minisode	Destination: Daleks
land-and-sea	1	Main Show	Homo Aqua
land-and-sea	1	Main Show	Plastic Apocalypse
land-and-sea	1	Main Show	The Deep
land-and-sea	1	Main Show	The Witch of the Waterfall
land-and-sea	1	Main Show	The End of the War
