season	story	seeders	gb	release	infohash
13	Terror of the Zygons	1	4.68	Doc_Who_Terror of the Zygons	07e92c718ea8ceb5caf5cb32f86125602b86b696
13	Planet of Evil	0	4.68	Doctor Who 081 Tom Baker Planet Of Evil DVD (PAL) TRBLE	32b7d12ac4c3d71f0d02f3d7b8f9ed73dcf2e399
13	Pyramids of Mars	1	4.68	Doctor Who - 082 - Tom Baker - Pyramids Of Mars [DVD (PAL) TRBLE]	81203d1932cdf4462ca8c98dde8ab365a7b3d503
13	The Android Invasion	0	4.24	Doctor Who 083 Tom Baker The Android Invasion DVD (PAL) TRBLE	4c096a9ead462bd7cac1ccfa34e38ca827bfc394
13	The Brain of Morbius	0	8.19	Doctor Who - 084 - Tom Baker - The Brain Of Morbius (Original DVD9 Rip)	8feb11a7a80d0f13f928bd06f4c401a8a6ef8332
13	The Seeds of Doom	0	4.53	Doctor Who 085 Tom Baker The Seeds Of Doom [DVD (PAL) TRBLE]	47d335843e6558a5788b7c810cb651473343dc56
14	The Masque of Mandragora	0	4.07	Doctor Who 086 Tom Baker The Masque Of Mandragora [DVD (PAL) TRBLE]	bbdb24fdfe9aeed37e8aca6521aa35cc0b4e89df
14	The Hand of Fear	0	4.75	Doctor Who - The Hand of Fear DVD (PAL)	b9dc07abb16c1e309827c87f86493e52fb3609ee
14	The Deadly Assassin	1	4.68	Doctor Who   088a   Tom Baker   The Deadly Assassin [DVD (PAL) TRBLE]	8911fed2cf5a5dcd5da3cff4558f26a87b4744f4
14	The Face of Evil	0	4.37	Doctor Who 089 Tom Baker The Face Of Evil [DVD (PAL) TRBLE]	29d9d6d775a1707d9ba6bf173e10b32634202897
14	The Robots of Death	2	4.68	Doctor Who   090   Tom Baker   The Robots Of Death [DVD (PAL) TRBLE]	8c49efb0329eb0ee3c01243dfceaee9a02cb747d
14	The Talons of Weng-Chiang	6	9.36	Doctor Who   091   Tom Baker   The Talons Of Weng Chiang [DVD (PAL) TRBLE]	44ce0dfa2daca2cc44a18ea1d873e95ed65e7c62
18	The Leisure Hive	8	4.68	Doctor Who   110   Tom Baker   The Leisure Hive [DVD (PAL) TRBLE]	7d54e83be3b8e1b060d09fd28c7139f17083dee0
18	Meglos	0	4.19	Doctor Who   111   Tom Baker   Meglos [DVD (PAL) TRBLE]	c6e7c9f0b620fc7a843f121ea7b7142b3587a725
18	Full Circle	1	4.68	Doctor Who   112   Tom Baker   Full Circle [DVD (PAL) TRBLE]	0818fc646afb3148f23639b304366d38285ce065
18	State of Decay	2	4.68	Doctor Who   113   Tom Baker   State Of Decay [DVD (PAL) TRBLE]	213ffc5bcdbc73d40f008966160e0058476530f1
18	Warriors' Gate	0	4.68	Doctor Who   114   Tom Baker   Warriors' Gate [DVD (PAL) TRBLE]	d58ed6791870987a592cc6bb223dcc0da66fb3dd
18	The Keeper of Traken	1	4.68	Doctor Who   115   Tom Baker   The Keeper Of Traken [DVD (PAL) TRBLE]	06a8bb1eade03fd2c90651f5ac8e1a530fa44f08
18	Logopolis	1	4.68	Doctor Who   116   Tom Baker   Logopolis [DVD (PAL) TRBLE]	62cdee66e7d0487e9978109d812f0487be506219
21	Warriors of the Deep	0	4.68	Doctor Who   131   Peter Davison   Warriors Of The Deep [DVD (PAL) TRBLE]	51fd205145a6de9caa276a0647fb82ce7c433e27
21	The Awakening	25	2.82	Doctor Who   132   Peter Davison   The Awakening [DVD (PAL) TRBLE]	fb80d495b6bde940b0cc8b411224c04fb2a1adea
21	Frontios	23	3.48	Doctor Who   133a   Peter Davison   Frontios [DVD (PAL) TRBLE]	54c602b840b2f7fdfbdf6fa6ee5b225686fe78ba
21	Resurrection of the Daleks	36	4.68	Doctor Who   134   Peter Davison   Resurrection Of The Daleks [DVD (PAL) TRBLE]	5d7e17410504087ce98d59ab61333917c4e780e5
21	Planet of Fire	2	4.40	Doctor Who   135   Peter Davison   Planet Of Fire [DVD (PAL) TRBLE]	62bde345b8ff69ff9473b2ad9c1f6f85ebcb7706
21	The Caves of Androzani	2	4.68	Doctor Who   136   Peter Davison   The Caves Of Androzani [DVD (PAL) TRBLE]	1a0baf4f17121a9e650f0fdee613a548659c2f3e
21	The Twin Dilemma	3	4.68	Doctor Who   137a   Colin Baker   The Twin Dilemma [DVD (PAL) TRBLE]	a0833f03fda8660f97ce6598e6972ffbbae80a6e
23	The Mysterious Planet	1	4.68	Doctor Who - 144 - Colin Baker - The Trial Of A Time Lord Part 1 - The Mysterious Planet	a75777a8a7a1e41999a81e3bea9ba9a095e67d5d
23	Mindwarp	1	4.68	Doctor Who - 145 - Colin Baker - The Trial Of A Time Lord Part 2 - Mindwarp [DVD (PAL) TRBLE]	bfaf4350e8e1ca9bfc12b6910f110c2c448227af
23	Terror of the Vervoids	0	4.68	Doctor Who - 146 - Colin Baker - The Trial Of A Time Lord Part 3 - Terror Of The Vervoids	8721951c440a9c43e31083028491b30ac2e8b8cb
23	The Ultimate Foe	3	4.68	Doctor Who 147 Colin Baker The Trial Of A Time Lord 4 [DVD (PAL) TRBLE]	73382e055f63fd41e15d94c798f5d033c001516e
26	Battlefield	2	9.17	Doctor Who   156   Sylvester McCoy   Battlefield [DVD (PAL) TRBLE]	538492036cb7e77c4c52267b07f927a833e97233
26	Ghost Light	0	8.18	Doctor Who - 157 - Sylvester McCoy - Ghost Light (Original DVD9 Rip)	ed956e4d660abe26ba54b0e4f4bde09a9b51e7ce
26	The Curse of Fenric	5	9.36	Doctor Who   158   Sylvester McCoy   The Curse Of Fenric [DVD (PAL) TRBLE]	5d98e9f9f17c5b7e1183ed1141191d11e0b636f4
26	Survival	1	12.85	Doctor Who - 159 - Sylvester McCoy - Survival (Original DVD9 Rip)	2340442e66d1ce85ba20ee7d7754cfa2d2875503
4	The Tenth Planet	0	3.18	Doctor Who   029   William Hartnell   The Tenth Planet DVD (PAL)	96092c36c56a3852119d36c84269b08f99dec57f
4	The Moonbase	0	4.68	Doctor Who   033   Patrick Troughton   The Moonbase DVD (PAL)	b8aa20d8fb58f8cfcbe1406b889ad615bcb12355
4	The Faceless Ones	0	5.78	Doctor Who   035   Patrick Troughton   The Faceless Ones DVD (PAL)	3f6407ffc945463dae324afa793574336c53930d
5	The Tomb of the Cybermen	0	4.68	Doctor Who   037   Patrick Troughton   The Tomb Of The Cybermen DVD (PAL)	4bd9640aba6196024dfd081bfb9f3d876811c294
5	The Ice Warriors	0	4.64	Doctor Who   039   Patrick Troughton   The Ice Warriors DVD (PAL)	98724a8e339ff929653702dea8e76a41bd2be926
5	The Enemy of the World	0	3.91	Doctor Who   040   Patrick Troughton   The Enemy Of The World DVD (PAL)	dccc09c5072898b0ac98af47f2469b93e02f0d4e
5	The Web of Fear	0	3.47	Doctor Who   041   Patrick Troughton   The Web Of Fear DVD (PAL)	e86038e132575ae274e13fbb03199f3cd701609f
5	Fury from the Deep	0	4.43	Doctor Who 042 Patrick Troughton Fury From The Deep DVD (PAL)	22a7c0b4ad378ac8a88538016cb6138b7e76ca85
6	The Dominators	0	4.55	Doctor Who   044   Patrick Troughton   The Dominators DVD (PAL)	a1354c554f1e0ef769a080b79d7ba218808020b3
6	The Mind Robber	0	8.24	Doctor Who   045   Patrick Troughton   The Mind Robber DVD (PAL)	803c7daed2f10635ada320eae14bdfc603fad08c
6	The Invasion	0	13.57	Doctor Who   046   Patrick Troughton   The Invasion DVD (PAL)	a9025b701a0e5d7c13464bf07ae604397b04ad5e
6	The Krotons	0	3.40	Doctor Who   047   Patrick Troughton   The Krotons DVD (PAL)	bbf4b9d617f592df160812368445a9962c5f89f3
6	The Seeds of Death	0	7.77	Doctor Who   048   Patrick Troughton   The Seeds Of Death DVD (PAL)	55bc825640c580c9ecd107f30e5bac4ebc2b1304
6	The War Games	0	14.04	Doctor Who   050a   Patrick Troughton   The War Games [DVD (PAL) TRBLE]	7332a28d1323d28e4442a3d95601c15e9733352c
11	The Time Warrior	0	4.68	Doctor Who   070   Jon Pertwee   The Time Warrior DVD (PAL)	4311f6b157a9fa2af52433e7759ac934c7318160
11	Invasion of the Dinosaurs	0	4.42	Doctor Who 071 Jon Pertwee Invasion Of The Dinosaurs DVD (PAL)	3c9e5cfdb9c1622e3b13bfde411f5de1284b3058
11	Death to the Daleks	0	3.66	Doctor Who 072 Jon Pertwee Death To The Daleks DVD (PAL)	6cc253154de12c929473707ae6754b3f2238482f
11	The Monster of Peladon	0	4.42	Doctor Who   073   Jon Pertwee   The Monster Of Peladon DVD (PAL)	d4ae7e679f4f87969ab15ce410ff1b6dde3345e2
11	Planet of the Spiders	0	4.42	Doctor Who 074 Jon Pertwee Planet Of The Spiders DVD (PAL)	8854e082dceb72959d119920d3175d59bbaf0056
16	The Ribos Operation	0	4.68	Doctor Who   098   Tom Baker   The Ribos Operation [DVD (PAL) TRBLE]	dd8d9ced278a4f935f76816503e7034580d1b363
16	The Pirate Planet	1	7.07	Doctor Who - 099 - Tom Baker - The Pirate Planet (Original DVD9 Rip)	004e1261b9a25eef08ef36e0b90cd66493959d13
16	The Stones of Blood	0	4.68	Doctor Who   100   Tom Baker   The Stones Of Blood [DVD (PAL) TRBLE]	939e86753a7519180f1ca59dd895eb104d91f431
16	The Androids of Tara	0	4.68	Doctor Who 101 Tom Baker The Androids Of Tara [DVD (PAL) TRBLE]	3479e4a425999332013f21bee17d4d2cba1bed60
16	The Power of Kroll	0	4.68	Doctor Who   102   Tom Baker   The Power Of Kroll [DVD (PAL) TRBLE]	b73f3f61a6fb95ebb486871c276f856f16e8da7c
16	The Armageddon Factor	0	6.82	Doctor Who - 103 - Tom Baker - The Armageddon Factor (Original DVD9 Rip)	a2ff625547b59833e8764c328fc4de9e628b0647
